{
  "project_info": {
    "project_number": "395461519143",
    "firebase_url": "https://happy-homes-24135.firebaseio.com",
    "project_id": "happy-homes-24135",
    "storage_bucket": "happy-homes-24135.appspot.com"
  },
  "client": [
    {
      "client_info": {
        "mobilesdk_app_id": "1:395461519143:android:24f9840e7a33cd7cb72b02",
        "android_client_info": {
          "package_name": "com.example.customer"
        }
      },
      "oauth_client": [
        {
          "client_id": "395461519143-prip2aohdmjgk7bec5l3s1oh5jmau7od.apps.googleusercontent.com",
          "client_type": 1,
          "android_info": {
            "package_name": "com.example.customer",
            "certificate_hash": "8517b0c3fbdd8dafcc240b3e8637531267f44edd"
          }
        },
        {
          "client_id": "395461519143-hlcrgbkmn6pf53apd4o7u1iijjskj58q.apps.googleusercontent.com",
          "client_type": 3
        }
      ],
      "api_key": [
        {
          "current_key": "AIzaSyA_N3EglgYhx1xhOqLdCBISvKxf7Sjwe5I"
        }
      ],
      "services": {
        "appinvite_service": {
          "other_platform_oauth_client": [
            {
              "client_id": "395461519143-hlcrgbkmn6pf53apd4o7u1iijjskj58q.apps.googleusercontent.com",
              "client_type": 3
            }
          ]
        }
      }
    },
    {
      "client_info": {
        "mobilesdk_app_id": "1:395461519143:android:ce1da104e25a1ca7b72b02",
        "android_client_info": {
          "package_name": "com.example.happyhome"
        }
      },
      "oauth_client": [
        {
          "client_id": "395461519143-hlcrgbkmn6pf53apd4o7u1iijjskj58q.apps.googleusercontent.com",
          "client_type": 3
        }
      ],
      "api_key": [
        {
          "current_key": "AIzaSyA_N3EglgYhx1xhOqLdCBISvKxf7Sjwe5I"
        }
      ],
      "services": {
        "appinvite_service": {
          "other_platform_oauth_client": [
            {
              "client_id": "395461519143-hlcrgbkmn6pf53apd4o7u1iijjskj58q.apps.googleusercontent.com",
              "client_type": 3
            }
          ]
        }
      }
    },
    {
      "client_info": {
        "mobilesdk_app_id": "1:395461519143:android:664d6e3ad7d18cbeb72b02",
        "android_client_info": {
          "package_name": "com.example.technician"
        }
      },
      "oauth_client": [
        {
          "client_id": "395461519143-hlcrgbkmn6pf53apd4o7u1iijjskj58q.apps.googleusercontent.com",
          "client_type": 3
        }
      ],
      "api_key": [
        {
          "current_key": "AIzaSyA_N3EglgYhx1xhOqLdCBISvKxf7Sjwe5I"
        }
      ],
      "services": {
        "appinvite_service": {
          "other_platform_oauth_client": [
            {
              "client_id": "395461519143-hlcrgbkmn6pf53apd4o7u1iijjskj58q.apps.googleusercontent.com",
              "client_type": 3
            }
          ]
        }
      }
    },
    {
      "client_info": {
        "mobilesdk_app_id": "1:395461519143:android:162211a061154c4eb72b02",
        "android_client_info": {
          "package_name": "com.happyhomes.customer"
        }
      },
      "oauth_client": [
        {
          "client_id": "395461519143-hlcrgbkmn6pf53apd4o7u1iijjskj58q.apps.googleusercontent.com",
          "client_type": 3
        }
      ],
      "api_key": [
        {
          "current_key": "AIzaSyA_N3EglgYhx1xhOqLdCBISvKxf7Sjwe5I"
        }
      ],
      "services": {
        "appinvite_service": {
          "other_platform_oauth_client": [
            {
              "client_id": "395461519143-hlcrgbkmn6pf53apd4o7u1iijjskj58q.apps.googleusercontent.com",
              "client_type": 3
            }
          ]
        }
      }
    },
    {
      "client_info": {
        "mobilesdk_app_id": "1:395461519143:android:bad725666055d456b72b02",
        "android_client_info": {
          "package_name": "com.happyhomes.technician"
        }
      },
      "oauth_client": [
        {
          "client_id": "395461519143-hlcrgbkmn6pf53apd4o7u1iijjskj58q.apps.googleusercontent.com",
          "client_type": 3
        }
      ],
      "api_key": [
        {
          "current_key": "AIzaSyA_N3EglgYhx1xhOqLdCBISvKxf7Sjwe5I"
        }
      ],
      "services": {
        "appinvite_service": {
          "other_platform_oauth_client": [
            {
              "client_id": "395461519143-hlcrgbkmn6pf53apd4o7u1iijjskj58q.apps.googleusercontent.com",
              "client_type": 3
            }
          ]
        }
      }
    }
  ],
  "configuration_version": "1"
}